{"grasp_xform": [[0.8844840144818401, 0.46594984553265134, 0.024057630269555125, -0.01337459944746372, -0.026220819291749686, 0.999566700488412, 0.46637876046804294, -0.8844225291588682, -0.016960002963563037], [-0.06968298103393024, 0.1482441328089756, 0.05704262964573284]], "gripper_close_command": [0.2996845425867505, 0.2996845425867507, 0.38170347003154553, 0.0], "name": "1", "gripper_open_command": [0.45741324921135634, 0.45741324921135645, 0.5268138801261829, 0.0]}