{"grasp_xform": [[0.036831158263730956, 0.01844888699237282, -0.9991511919372837, -0.44786033684773485, 0.8941035279421693, 8.326672684688674e-17, 0.8933446056587488, 0.4474801893828476, 0.0411933932846682], [-0.09384834887006303, -0.05936565055388569, 0.06178041268040224]], "gripper_close_command": [0.5078864353312301, 0.5772870662460567, 0.43217665615141937, 0.0], "name": "2", "gripper_open_command": [0.6593059936908517, 0.6782334384858045, 0.6151419558359621, 0.0]}