{"grasp_xform": [[0.8356984985648357, 0.5491885099822094, 0.0, -0.5491885099822094, 0.8356984985648357, -0.0, -0.0, 0.0, 1.0], [0.012830443255041858, -0.02141908869193975, -0.0821398003272559]], "gripper_close_command": [0.24921135646687656, 0.24921135646687656, 0.261829652996845, 1.0], "name": "2", "gripper_open_command": [0.5331230283911671, 0.5205047318611986, 0.4952681388012618, 1.0]}