{"grasp_xform": [[0.8402831535450754, 0.5398224891436962, -0.05015876875518028, 0.540186353632085, -0.8415149543492797, -0.007161351553125168, -0.04607521262027622, -0.02107751932983188, -0.9987155816150819], [0.025872375462998434, -0.01626006680918004, 0.20686732302140506]], "gripper_close_command": [0.15457413249211321, 0.14826498422712897, 0.18611987381703438, 1.0], "name": "3", "gripper_open_command": [0.47634069400630896, 0.5015772870662462, 0.47634069400630896, 1.0]}