{"grasp_xform": [[-0.8205569108479496, -0.5704309409730662, 0.03598464916946982, -0.5714036854283152, 0.8201930738582377, -0.02794905384382895, -0.013571354914174449, -0.04349555048977524, -0.9989614369373252], [0.04185065020586878, -0.000767961005233523, 0.21030440767149408]], "gripper_close_command": [0.2176656151419554, 0.2176656151419554, 0.2365930599369081, 1.0], "name": "4", "gripper_open_command": [0.5331230283911671, 0.5205047318611986, 0.4952681388012618, 1.0]}