{"grasp_xform": [[0.8399437345323849, 0.5418084799437256, 0.030628318283417832, -0.015710392464015177, -0.0321384206627926, 0.9993599479096584, 0.5424460400707406, -0.8398873096900787, -0.018482441213236944], [-0.07714365222853961, 0.10578916459689311, 0.0619150967526184]], "gripper_close_command": [0.22397476340693964, 0.20504731861198694, 0.16719242902208153, 1.0], "name": "5", "gripper_open_command": [0.49526813880126164, 0.4826498422712932, 0.5141955835962143, 1.0]}