{"grasp_xform": [[0.8449032475481839, 0.5332477717385703, -0.0422530024777488, -0.053105482443014856, 0.005018582272109273, -0.9985762973185823, -0.532276535286903, 0.8459442226103591, 0.03255859663963079], [0.1039670743637746, -0.1590815806021303, 0.07642602363877261]], "gripper_close_command": [0.24290220820189234, 0.24921135646687656, 0.26813880126182926, 1.0], "name": "7", "gripper_open_command": [0.49526813880126164, 0.4826498422712932, 0.5141955835962143, 1.0]}