{"grasp_xform": [[0.8879545590757852, 0.4599311916107972, -1.63179190054128e-16, -0.4599311916107972, 0.8879545590757852, 2.682911945739279e-16, 2.682911945739279e-16, -1.63179190054128e-16, 1.0], [0.01190005104703244, 0.0012235482596209327, -0.11288443207771715]], "gripper_close_command": [0.31861198738170327, 0.32492113564668745, 0.42586750788643507, 0.0], "name": "0", "gripper_open_command": [0.5141955835962145, 0.5268138801261829, 0.6151419558359621, 0.0]}