{"grasp_xform": [[0.5073054564125055, -0.8608394049447742, -0.03995863847046177, -0.034820190594225364, 0.025854496041032293, -0.9990591070409294, 0.861062557669922, 0.5082195036878894, -0.01685846523677914], [-0.13454983444386912, -0.07680688096060612, 0.06228808263969986]], "gripper_close_command": [0.29337539432176635, 0.2870662460567821, 0.38801261829652967, 0.0], "name": "1", "gripper_open_command": [0.4006309148264983, 0.3943217665615141, 0.5015772870662459, 0.0]}