{"grasp_xform": [[-0.8116036132058053, -0.5832224122358725, -0.03392923366437874, 0.5821076858159062, -0.8122409502123542, 0.03762021945951923, -0.0494996681335557, 0.010782238353062497, 0.9987159386886572], [0.04636062830547204, 0.0016769084517146821, -0.08921692469301894]], "gripper_close_command": [0.15457413249211321, 0.14826498422712897, 0.18611987381703438, 1.0], "name": "0", "gripper_open_command": [0.47634069400630896, 0.5015772870662462, 0.47634069400630896, 1.0]}