{"grasp_xform": [[0.0015346255357440164, -0.0, -0.9999988224615393, 0.0, 1.0, -0.0, 0.9999988224615393, 0.0, 0.0015346255357440164], [-0.15193065482215687, 0.0, 0.057434476945673545]], "gripper_close_command": [0.34384858044164035, 0.3312302839116718, 0.6277602523659307, 1.0], "name": "0", "gripper_open_command": [0.6025236593059937, 0.608832807570978, 0.6277602523659307, 1.0]}