{"grasp_xform": [[-0.013556372961607, -0.9990107552297833, 0.04235251689502251, 1.1102230246251565e-16, -0.042356409103644355, -0.9991025646087814, 0.9999081081540069, -0.013544206992735008, 0.0005741992791237771], [-0.1410711485408196, 0.010972806381159536, -7.476222544120218e-05]], "gripper_close_command": [0.305993690851735, 0.2870662460567824, 0.362776025236593, 0.0], "name": "0", "gripper_open_command": [0.5772870662460569, 0.5709779179810726, 0.6593059936908517, 0.0]}