{"grasp_xform": [[-0.023605821829087326, -0.9994530365898893, -0.023160156023168843, 1.942890293094024e-15, 0.023166611543962712, -0.999731618040345, 0.9997213437632348, -0.023599486452368368, -0.0005468669044859098], [-0.12047383450181899, 0.04890561340007526, 6.590151681411038e-05]], "gripper_close_command": [0.2996845425867506, 0.31861198738170315, 0.8927444794952681, 1.0], "name": "3", "gripper_open_command": [0.7223974763406941, 0.43848580441640356, 0.8927444794952681, 1.0]}
