{"grasp_xform": [[-0.997248397983362, -6.934118992395134e-17, 0.07413253482525599, -6.934118992395134e-17, 1.0, 2.573760070130663e-18, -0.07413253482525599, -2.573760070130663e-18, -0.997248397983362], [0.009451592253993626, -0.01133088133205129, 0.111655186503977]], "gripper_close_command": [0.24290220820189234, 0.2365930599369081, 0.2618296529968452, 0.0], "name": "3", "gripper_open_command": [0.6593059936908517, 0.6719242902208201, 0.7160883280757098, 0.0]}
