{"grasp_xform": [[0.8309360610232772, 0.5563679200772818, 0.0, -0.5563679200772818, 0.8309360610232772, -0.0, -0.0, 0.0, 1.0], [0.02876899714848966, 0.011587364709427828, -0.11160436965480347]], "gripper_close_command": [0.40694006309148245, 0.41324921135646664, 0.5772870662460567, 0.0], "name": "0", "gripper_open_command": [0.5709779179810726, 0.5835962145110409, 0.6593059936908517, 0.0]}