{"grasp_xform": [[0.9038091134569912, 0.42767098174504836, -0.01505383028927381, 0.42764059642903796, -0.901320028726418, 0.06888923082353621, 0.01589360622918744, -0.0687003436008019, -0.9975107298130983], [0.00020846206250107503, -0.015399195541609512, 0.30398191140721464]], "gripper_close_command": [0.40063091482649815, 0.4069400630914824, 0.394321766561514, 0.26737967914438504], "name": "1", "gripper_open_command": [0.6151419558359621, 0.6340694006309148, 0.5394321766561514, 0.26737967914438504]}