{"grasp_xform": [[0.7756568175845062, 0.6311474239279895, 0.003070928807161143, -0.6309804860905417, 0.7753189232671086, 0.027279908300342062, 0.014836694632554548, -0.023097543007732466, 0.9996231169792875], [-0.0102921067878474, 0.0025480516506990384, -0.10622987238987708]], "gripper_close_command": [0.18611987381703438, 0.17350157728706606, 0.19242902208201862, 1.0], "name": "0", "gripper_open_command": [0.4574132492113564, 0.46372239747634075, 0.4826498422712933, 1.0]}