{"grasp_xform": [[-0.753444546117741, -0.6575114568776984, -7.796192150192965e-17, 0.6575114568776984, -0.753444546117741, -2.0790802142303272e-16, 7.796192150192965e-17, -2.0790802142303272e-16, 1.0], [0.007309063569002562, 0.0034411859563712134, -0.09275219750863664]], "gripper_close_command": [0.11041009463722358, 0.10410094637223963, 0.16088328075709732, 1.0], "name": "1", "gripper_open_command": [0.4700315457413249, 0.4731861198738175, 0.4731861198738175, 1.0]}