{"grasp_xform": [[-0.7351169166809706, -0.67792648081267, 0.004336521925690541, -0.6779374339393077, 0.7351174778377585, -0.0017690226791762312, -0.0019885857412300276, -0.004240329043978931, -0.9999890325080316], [0.009569647922425224, 0.011483231604827653, 0.1205617877356787]], "gripper_close_command": [0.1293375394321763, 0.13564668769716037, 0.16088328075709746, 1.0], "name": "2", "gripper_open_command": [0.4763406940063091, 0.4700315457413247, 0.46372239747634053, 1.0]}