{"grasp_xform": [[0.7389184921600241, 0.673748331861138, 0.007915002158541556, 0.6737183036371591, -0.7386065716913157, -0.023748254768015745, -0.01015427442531041, 0.02288050643215283, -0.9996866374734834], [-0.0053199778007620175, -0.008224600875728376, 0.11852005156484234]], "gripper_close_command": [0.1356466876971605, 0.1482649842271291, 0.14195583596214462, 1.0], "name": "3", "gripper_open_command": [0.4763406940063091, 0.4826498422712935, 0.45425867507886475, 1.0]}