{"grasp_xform": [[-0.030587309336268298, 0.020283451510085926, 0.9993262714755575, -0.7742806665138534, -0.6327492329154591, -0.010856138420015427, 0.632102732733584, -0.7740910720796162, 0.0350591818966155], [-0.08887556161797086, 0.10914678415344733, -0.014333676326350561]], "gripper_close_command": [0.24921135646687656, 0.24290220820189248, 0.2365930599369081, 0.5480010185892539], "name": "5", "gripper_open_command": [0.43848580441640356, 0.4511041009463721, 0.45741324921135623, 0.5352686529157116]}