{"grasp_xform": [[0.0446050846290752, -0.008355496018534803, 0.9989697542923234, 0.757406813526876, 0.6523269609457822, -0.028362899615305248, -0.6514179174137328, 0.7578916287555946, 0.03542560928931937], [0.09851407761336799, -0.11071282793312914, -0.015210956857734728]], "gripper_close_command": [0.261829652996845, 0.24290220820189248, 0.2365930599369081, 0.5480010185892539], "name": "6", "gripper_open_command": [0.43848580441640356, 0.4511041009463721, 0.45741324921135623, 0.5352686529157116]}