{"grasp_xform": [[-0.006023389773828436, -0.042257138223238455, -0.9990886111791197, 0.7758539619397404, 0.6301341862474454, -0.03132949159696319, 0.630883783640892, -0.7753355670743465, 0.028989824308620626], [-0.08295319322592432, 0.10727701318836336, 0.028553083953187924]], "gripper_close_command": [0.2365930599369081, 0.25552050473186094, 0.2365930599369081, 0.5480010185892539], "name": "7", "gripper_open_command": [0.43848580441640356, 0.4511041009463721, 0.45741324921135623, 0.5352686529157116]}