{"grasp_xform": [[0.8189080759604161, 0.5739247016175637, 1.7269187395852232e-16, -0.5739247016175637, 0.8189080759604161, 1.7834594161091922e-16, -3.906162891362198e-17, -2.4516106413336937e-16, 1.0], [4.7536576566967e-18, -0.004646855343125128, -0.12169634981706956]], "gripper_close_command": [0.24290220820189248, 0.19242902208201876, 0.3059936908517347, 0.0], "name": "3", "gripper_open_command": [0.4321766561514195, 0.4069400630914826, 0.43217665615141937, 0.0]}