{"grasp_xform": [[0.003676367572781447, 0.04252565434822847, -0.9990886112047492, -0.7398047438865187, -0.6720918120842887, -0.03132949160755599, -0.6728115822723193, 0.7392456728609513, 0.02898982428381458], [0.11107138862982596, -0.1218681254013012, 0.022211002628168858]], "gripper_close_command": [0.261829652996845, 0.24290220820189248, 0.2365930599369081, 0.5480010185892539], "name": "4", "gripper_open_command": [0.43848580441640356, 0.4511041009463721, 0.45741324921135623, 0.5352686529157116]}