{"grasp_xform": [[0.6387884823188852, -0.7693499087732975, 0.007070553532371574, 0.7693823983278635, 0.6387615074968752, -0.005870407446172494, -1.2663481374630692e-16, 0.009189908097375599, 0.9999577719029749], [-0.03479496447600048, 0.04076672832562307, -0.10486390816226338]], "gripper_close_command": [0.2555205047318611, 0.24921135646687684, 0.2618296529968453, 0.0], "name": "pinch", "gripper_open_command": [0.3880126182965299, 0.3880126182965299, 0.3627760252365928, 0.01273236567354219]}