{
    "bin_G": [
        [
            0.1580002745074038, 
            -6.241782523877539e-07, 
            1.089999999999942
        ], 
        [
            0.40999999999967957, 
            0.41999947516728403, 
            1.2900001372537877
        ]
    ], 
    "bin_F": [
        [
            -0.4099997254925239, 
            -3.281020761242043e-07, 
            1.3199999999999297
        ], 
        [
            -0.1580000000002482, 
            0.4199997712434603, 
            1.5200001372537753
        ]
    ], 
    "bin_E": [
        [
            -0.14899972549257973, 
            -5.287541425986105e-07, 
            1.3199999999999297
        ], 
        [
            0.14899999999968622, 
            0.4199996006565243, 
            1.5200001372537753
        ]
    ], 
    "bin_D": [
        [
            0.15800027450735468, 
            -6.993410785915096e-07, 
            1.3199999999999297
        ], 
        [
            0.40999999999963044, 
            0.4199994000044578, 
            1.5200001372537753
        ]
    ], 
    "bin_C": [
        [
            -0.40999972549257946, 
            -4.0326490232796006e-07, 
            1.5499999999999172
        ], 
        [
            -0.15800000000029732, 
            0.4199996862767872, 
            1.7800001372537615
        ]
    ], 
    "bin_B": [
        [
            -0.14899972549263527, 
            -6.039169688023663e-07, 
            1.5499999999999172
        ], 
        [
            0.1489999999996371, 
            0.41999951568985117, 
            1.7800001372537615
        ]
    ], 
    "bin_A": [
        [
            0.15800027450729914, 
            -7.745039047952654e-07, 
            1.5499999999999172
        ], 
        [
            0.4099999999995813, 
            0.4199993150377847, 
            1.7800001372537615
        ]
    ], 
    "bin_L": [
        [
            -0.4099997254924257, 
            -1.6470462785516996e-07, 
            0.8199999999999562
        ], 
        [
            -0.1580000000001414, 
            0.4199999215691127, 
            1.0600001372538
        ]
    ], 
    "bin_K": [
        [
            -0.14899972549248147, 
            -3.653566943295762e-07, 
            0.8199999999999562
        ], 
        [
            0.14899999999979302, 
            0.4199997509821767, 
            1.0600001372538
        ]
    ], 
    "bin_J": [
        [
            0.15800027450745294, 
            -5.359436303224753e-07, 
            0.8199999999999562
        ], 
        [
            0.40999999999973724, 
            0.4199995503301102, 
            1.0600001372538
        ]
    ], 
    "bin_I": [
        [
            -0.4099997254924748, 
            -2.5293924992044854e-07, 
            1.089999999999942
        ], 
        [
            -0.15800000000019906, 
            0.41999984640628646, 
            1.2900001372537877
        ]
    ], 
    "bin_H": [
        [
            -0.1489997254925306, 
            -4.5359131639485477e-07, 
            1.089999999999942
        ], 
        [
            0.14899999999973534, 
            0.4199996758193505, 
            1.2900001372537877
        ]
    ]
}