{
    "bin_G": [
        [
            3.749399456654644e-33, 
            -6.123233995736766e-17, 
            -1.0, 
            1.0, 
            6.123233995736766e-17, 
            0.0, 
            6.123233995736766e-17, 
            -1.0, 
            6.123233995736766e-17
        ], 
        [
            0.28765, 
            0.3891, 
            1.2435
        ]
    ], 
    "bin_F": [
        [
            3.749399456654644e-33, 
            -6.123233995736766e-17, 
            -1.0, 
            1.0, 
            6.123233995736766e-17, 
            0.0, 
            6.123233995736766e-17, 
            -1.0, 
            6.123233995736766e-17
        ], 
        [
            -0.28765, 
            0.3891, 
            1.468
        ]
    ], 
    "bin_E": [
        [
            3.749399456654644e-33, 
            -6.123233995736766e-17, 
            -1.0, 
            1.0, 
            6.123233995736766e-17, 
            0.0, 
            6.123233995736766e-17, 
            -1.0, 
            6.123233995736766e-17
        ], 
        [
            0.0, 
            0.3891, 
            1.468
        ]
    ], 
    "bin_D": [
        [
            3.749399456654644e-33, 
            -6.123233995736766e-17, 
            -1.0, 
            1.0, 
            6.123233995736766e-17, 
            0.0, 
            6.123233995736766e-17, 
            -1.0, 
            6.123233995736766e-17
        ], 
        [
            0.28765, 
            0.3891, 
            1.468
        ]
    ], 
    "bin_C": [
        [
            3.749399456654644e-33, 
            -6.123233995736766e-17, 
            -1.0, 
            1.0, 
            6.123233995736766e-17, 
            0.0, 
            6.123233995736766e-17, 
            -1.0, 
            6.123233995736766e-17
        ], 
        [
            -0.28765, 
            0.3891, 
            1.6914950000000002
        ]
    ], 
    "bin_B": [
        [
            3.749399456654644e-33, 
            -6.123233995736766e-17, 
            -1.0, 
            1.0, 
            6.123233995736766e-17, 
            0.0, 
            6.123233995736766e-17, 
            -1.0, 
            6.123233995736766e-17
        ], 
        [
            0.0, 
            0.3891, 
            1.6914950000000002
        ]
    ], 
    "bin_A": [
        [
            3.749399456654644e-33, 
            -6.123233995736766e-17, 
            -1.0, 
            1.0, 
            6.123233995736766e-17, 
            0.0, 
            6.123233995736766e-17, 
            -1.0, 
            6.123233995736766e-17
        ], 
        [
            0.28765, 
            0.3891, 
            1.6914950000000002
        ]
    ], 
    "bin_L": [
        [
            3.749399456654644e-33, 
            -6.123233995736766e-17, 
            -1.0, 
            1.0, 
            6.123233995736766e-17, 
            0.0, 
            6.123233995736766e-17, 
            -1.0, 
            6.123233995736766e-17
        ], 
        [
            -0.28765, 
            0.3891, 
            1.001
        ]
    ], 
    "bin_K": [
        [
            3.749399456654644e-33, 
            -6.123233995736766e-17, 
            -1.0, 
            1.0, 
            6.123233995736766e-17, 
            0.0, 
            6.123233995736766e-17, 
            -1.0, 
            6.123233995736766e-17
        ], 
        [
            0.0, 
            0.3891, 
            1.001
        ]
    ], 
    "bin_J": [
        [
            3.749399456654644e-33, 
            -6.123233995736766e-17, 
            -1.0, 
            1.0, 
            6.123233995736766e-17, 
            0.0, 
            6.123233995736766e-17, 
            -1.0, 
            6.123233995736766e-17
        ], 
        [
            0.28765, 
            0.3891, 
            1.001
        ]
    ], 
    "bin_I": [
        [
            3.749399456654644e-33, 
            -6.123233995736766e-17, 
            -1.0, 
            1.0, 
            6.123233995736766e-17, 
            0.0, 
            6.123233995736766e-17, 
            -1.0, 
            6.123233995736766e-17
        ], 
        [
            -0.28765, 
            0.3891, 
            1.2435
        ]
    ], 
    "bin_H": [
        [
            3.749399456654644e-33, 
            -6.123233995736766e-17, 
            -1.0, 
            1.0, 
            6.123233995736766e-17, 
            0.0, 
            6.123233995736766e-17, 
            -1.0, 
            6.123233995736766e-17
        ], 
        [
            0.0, 
            0.3891, 
            1.2435
        ]
    ]
}