{"grasp_xform": [[0.8052537614387323, 0.592281370778629, -0.027733689212969054, -0.5925092810956232, 0.805563623691852, 1.5612511283791264e-16, 0.02234125118074307, 0.01643246825770561, 0.9996153472624549], [0.008240285708662542, 0.01422649003091816, -0.15434425705272564]], "gripper_close_command": [0.32492113564668734, 0.32492113564668734, 0.36908517350157705, 0.0], "name": "0", "gripper_open_command": [0.42586750788643507, 0.41324921135646664, 0.476340694006309, 0.0]}