{"grasp_xform": [[-0.788367983001256, -0.6085774595632762, -0.09005221450196713, -0.6048295958879908, 0.7934934199370712, -0.06744888964221661, 0.11250371355279404, 0.0012916994646903768, -0.9936504659355228], [0.004015983257628825, 0.01674158393864716, 0.18816908901242696]], "gripper_close_command": [0.3059936908517349, 0.2996845425867505, 0.38170347003154553, 0.0], "name": "1", "gripper_open_command": [0.4006309148264984, 0.3880126182965298, 0.5205047318611986, 0.0]}