{"grasp_xform": [[0.5758939228384479, -0.8175244275480359, 0.0, 0.8175244275480359, 0.5758939228384479, 0.0, 0.0, 0.0, 1.0], [0.001677774625441407, 0.04355803586914822, -0.16810176911248664]], "gripper_close_command": [0.362776025236593, 0.3817034700315455, 0.4195583596214509, 0.993633817163229], "name": "2", "gripper_open_command": [0.4447949526813881, 0.4447949526813878, 0.5141955835962143, 0.993633817163229]}