{"grasp_xform": [[-0.8711720154810985, -0.4906580122385257, -0.01772103973283457, 0.49097792233772986, -0.8706043795182237, -0.0314435195366407, -3.695094577538249e-12, -0.03609335354416111, 0.999348422638575], [0.053042201295930784, 0.028973537228429786, -0.06408765756021878]], "gripper_close_command": [0.28706624605678205, 0.287066246056782, 0.3438485804416402, 0.0], "name": "1", "gripper_open_command": [0.40694006309148245, 0.4195583596214509, 0.4511041009463721, 0.0]}