{"grasp_xform": [[-0.8646250849891435, -0.5018723388265702, 0.02340123775116927, -0.502417363296811, 0.8636394048881105, -0.041276765648392014, 0.0005054358700895736, -0.04744611517564164, -0.998873671036205], [0.05361474027299894, 0.03263294065626111, 0.3061188458384981]], "gripper_close_command": [0.3059936908517347, 0.2933753943217662, 0.33123028391167164, 0.0], "name": "2", "gripper_open_command": [0.4384858044164036, 0.4321766561514193, 0.44479495268138786, 0.0]}