{"grasp_xform": [[0.5073768457337946, -0.8617112353967036, -0.00474195692129975, 0.019437859658879175, 0.005943220802024252, 0.9997934055060692, -0.8615050255084055, -0.5073641994392474, 0.019765273167183794], [0.18324998743771187, 0.11164872343533778, 0.10786090084649821]], "gripper_close_command": [0.4826498422712933, 0.4826498422712933, 0.5268138801261829, 0.0], "name": "8", "gripper_open_command": [0.6025236593059937, 0.6025236593059936, 0.6340694006309148, 0.03183091418385533]}