{
    "right_s0": 1.5059856367858888, 
    "right_s1": 0.5384272559326172, 
    "right_w0": 0.03451456768798828, 
    "right_w1": -0.16260196333007815, 
    "right_w2": 0.3125485851745606, 
    "right_e0": -0.03528155808105469, 
    "right_e1": 1.0227816891540529
}