{
    "right_s0": 1.4461603861267092, 
    "right_s1": 0.2768835318969727, 
    "right_w0": 0.5230874480712892, 
    "right_w1": 0.03758252926025391, 
    "right_w2": 3.049937298028565, 
    "right_e0": -0.05752427947998047, 
    "right_e1": 1.3349467791320802
}