{
    "right_s0": 1.2981312402648926, 
    "right_s1": 0.1714223528503418, 
    "right_w0": -1.2260341433166504, 
    "right_w1": -0.11888351092529298, 
    "right_w2": 1.7188254708618165, 
    "right_e0": -0.11083011179809571, 
    "right_e1": 1.3130875529296875
}