{
    "right_s0": 0.8973787598876953, 
    "right_s1": -0.9575875057434082, 
    "right_w0": -0.4517573415161133, 
    "right_w1": 0.4970097747070313, 
    "right_w2": 0.730558349395752, 
    "right_e0": 0.3144660611572266, 
    "right_e1": 2.105005133770752
}