{
    "right_s0": 1.0879758725646973, 
    "right_s1": -0.7378447581298828, 
    "right_w0": -0.7412962148986817, 
    "right_w1": 0.436034038458252, 
    "right_w2": 1.2068593834899903, 
    "right_e0": 0.30756314761962894, 
    "right_e1": 1.9780682237182619
}