{
    "right_s0": 0.9648739144775391, 
    "right_s1": -0.2807184838623047, 
    "right_w0": 2.7761217277038575, 
    "right_w1": 0.653092319696045, 
    "right_w2": 2.567500340789795, 
    "right_e0": -0.7539515563842774, 
    "right_e1": 1.0009224629516602
}