{
    "right_s0": 1.204174917114258, 
    "right_s1": -0.5127330777648926, 
    "right_w0": -2.6526362744201664, 
    "right_w1": 1.2582477398254395, 
    "right_w2": 2.733170265692139, 
    "right_e0": 0.12808739564208985, 
    "right_e1": 1.6739565328674317
}