{
    "right_s0": 1.5332137957397463, 
    "right_s1": 0.09203884716796876, 
    "right_w0": -2.246898356488037, 
    "right_w1": 1.1159710219116212, 
    "right_w2": 2.988578066583252, 
    "right_e0": -0.29797576770629886, 
    "right_e1": 1.1033156804260256
}