{
    "right_s0": 0.5679563860656739, 
    "right_s1": -1.1696603494262696, 
    "right_w0": -0.06366020262451172, 
    "right_w1": -1.5723303057861329, 
    "right_w2": -0.05599029869384766, 
    "right_e0": 0.23278158429565432, 
    "right_e1": 1.997242983544922
}