{
    "right_s0": 0.8390874900146484, 
    "right_s1": -0.39615053801879885, 
    "right_w0": 0.0364320436706543, 
    "right_w1": -0.851359336303711, 
    "right_w2": -0.027611654150390626, 
    "right_e0": -0.0602087458557129, 
    "right_e1": 1.2068593834899903
}