{
    "right_s0": 0.29759227250976567, 
    "right_s1": -1.0971797572814943, 
    "right_w0": -0.9104175965698242, 
    "right_w1": -0.19136410307006838, 
    "right_w2": 0.7470486428466797, 
    "right_e0": 0.22472818516845705, 
    "right_e1": 1.172344815802002
}