{
    "right_s0": 0.390781605267334, 
    "right_s1": -0.9786797415527344, 
    "right_w0": 0.11428156856689455, 
    "right_w1": -1.0737865502929689, 
    "right_w2": -0.4003689851806641, 
    "right_e0": 0.5840631843200684, 
    "right_e1": 1.9719323005737306
}