{
    "right_s0": 0.7416797100952149, 
    "right_s1": -0.8663156489685059, 
    "right_w0": -3.0476363268493656, 
    "right_w1": 1.4615001939880372, 
    "right_w2": 2.9651848595947268, 
    "right_e0": 0.12885438603515625, 
    "right_e1": 2.4980877102172854
}