{
    "right_s0": 1.4998497136413576, 
    "right_s1": 0.2918398445617676, 
    "right_w0": 3.0591411827453614, 
    "right_w1": -0.3627864559204102, 
    "right_w2": 1.7011846918212892, 
    "right_e0": -1.2375389992126467, 
    "right_e1": 0.19980099739379883
}