{
    "right_s0": 0.800354475164795, 
    "right_s1": -0.615509790435791, 
    "right_w0": 2.105005133770752, 
    "right_w1": -0.0065194183410644535, 
    "right_w2": 3.0510877836181645, 
    "right_e0": -0.35818451356201175, 
    "right_e1": 0.7535680611877442
}