{
    "right_s0": 0.9940195494140626, 
    "right_s1": -0.7784952489624024, 
    "right_w0": 0.03528155808105469, 
    "right_w1": 0.08705340961303712, 
    "right_w2": 3.0503207932250977, 
    "right_e0": -0.23584954586791992, 
    "right_e1": 2.4474663442749027
}