{
    "right_s0": 0.8831894376159669, 
    "right_s1": 0.24927187774658205, 
    "right_w0": 0.02914563493652344, 
    "right_w1": -0.554917549383545, 
    "right_w2": 0.3854126725158692, 
    "right_e0": -0.31293208037109377, 
    "right_e1": 0.45789326466064456
}