{
    "right_s0": 1.200723460345459, 
    "right_s1": -0.11543205415649414, 
    "right_w0": 0.24850488735351564, 
    "right_w1": -0.06289321223144531, 
    "right_w2": 0.44332044719238284, 
    "right_e0": -0.17410681922607424, 
    "right_e1": 0.8103253502746582
}