{
    "right_s0": 1.3936215442016602, 
    "right_s1": 0.3896311196777344, 
    "right_w0": 3.0587576875488285, 
    "right_w1": -0.3271214026428223, 
    "right_w2": 1.6678206097229005, 
    "right_e0": -1.366776880444336, 
    "right_e1": 0.18561167512207033
}