{
    "right_s0": 0.832568071673584, 
    "right_s1": -1.113670050732422, 
    "right_w0": 0.06404369782104492, 
    "right_w1": -0.0609757362487793, 
    "right_w2": -0.1852281799255371, 
    "right_e0": 0.27189809434204104, 
    "right_e1": 1.294679783496094
}