{
    "right_s0": 1.183849671697998, 
    "right_s1": -0.8762865240783692, 
    "right_w0": 0.4755340437011719, 
    "right_w1": 0.12003399651489259, 
    "right_w2": -0.21667478604125978, 
    "right_e0": 0.015339807861328126, 
    "right_e1": 2.1997284473144534
}