{
    "right_s0": 0.8881748751708985, 
    "right_s1": -0.3685388838684082, 
    "right_w0": -1.4108788280456543, 
    "right_w1": -1.565043897052002, 
    "right_w2": 1.285475898779297, 
    "right_e0": -0.07171360175170899, 
    "right_e1": 2.0378934743774417
}