{
    "right_s0": 1.2409904559814453, 
    "right_s1": 0.019941750219726564, 
    "right_w0": 2.6246411250732424, 
    "right_w1": -0.19711653101806642, 
    "right_w2": 3.044951860473633, 
    "right_e0": -0.8360195284423829, 
    "right_e1": 0.1560825449890137
}