{
    "right_s0": 0.9602719721191407, 
    "right_s1": 0.2780340174865723, 
    "right_w0": 3.0587576875488285, 
    "right_w1": 0.2297136227233887, 
    "right_w2": 1.5543060315490724, 
    "right_e0": -1.1922865660217286, 
    "right_e1": 0.5468641502563477
}