{
    "right_s0": 0.5832961939270019, 
    "right_s1": -1.157005007940674, 
    "right_w0": 1.326893380004883, 
    "right_w1": -1.5109710743408205, 
    "right_w2": -3.0595246779418948, 
    "right_e0": 1.0519273240905762, 
    "right_e1": 1.5010001992309572
}