{
    "right_s0": -0.019941750219726564, 
    "right_s1": -0.9698593520324708, 
    "right_w0": -0.5296068664123535, 
    "right_w1": -0.732475825378418, 
    "right_w2": 0.09510680874023437, 
    "right_e0": 0.4908738515625, 
    "right_e1": 1.7606264472839357
}