{
    "right_s0": 0.7807962201416017, 
    "right_s1": -0.8509758411071778, 
    "right_w0": 1.8116313084228517, 
    "right_w1": 0.3520485904174805, 
    "right_w2": -0.14457768909301758, 
    "right_e0": -0.23469906027832033, 
    "right_e1": 0.9223059476623536
}