{
    "right_s0": 1.566961373034668, 
    "right_s1": -0.20325245416259766, 
    "right_w0": -0.8498253555175782, 
    "right_w1": 1.4638011651672365, 
    "right_w2": 1.1125195651428224, 
    "right_e0": -0.3140825659606934, 
    "right_e1": 1.5727138009826662
}