{
    "right_s0": 1.44385941494751, 
    "right_s1": 0.050237870745849615, 
    "right_w0": 2.1249468839904786, 
    "right_w1": -0.5104321065856934, 
    "right_w2": 3.0476363268493656, 
    "right_e0": -0.3570340279724121, 
    "right_e1": -0.018407769433593752
}