{
    "right_s0": 0.851359336303711, 
    "right_s1": -0.4993107458862305, 
    "right_w0": -3.0476363268493656, 
    "right_w1": 1.3652428996582031, 
    "right_w2": 3.048403317242432, 
    "right_e0": -0.02569417816772461, 
    "right_e1": 1.8035779092956543
}