{
    "right_s0": -0.30564567163696293, 
    "right_s1": -1.3997574673461914, 
    "right_w0": -0.4306651057067871, 
    "right_w1": -0.21053886289672852, 
    "right_w2": 0.37083985504760747, 
    "right_e0": 1.1738787965881348, 
    "right_e1": 1.6843109031738281
}