{
    "right_s0": 0.6933593153320313, 
    "right_s1": -1.0964127668884278, 
    "right_w0": -0.45405831269531255, 
    "right_w1": 0.03259709170532227, 
    "right_w2": 0.4536748174987793, 
    "right_e0": 0.13115535721435548, 
    "right_e1": 1.1075341275878907
}