{
    "right_s0": 1.0753205310791016, 
    "right_s1": -0.8459904035522462, 
    "right_w0": -1.0714855791137696, 
    "right_w1": 0.4195437450073242, 
    "right_w2": 0.9088836157836915, 
    "right_e0": 0.1430437083068848, 
    "right_e1": 0.6715000891296388
}