{
    "right_s0": 0.4045874323425293, 
    "right_s1": -1.2394564751953125, 
    "right_w0": -0.11773302533569337, 
    "right_w1": -0.8663156489685059, 
    "right_w2": -0.13499030917968752, 
    "right_e0": 0.38426218692626957, 
    "right_e1": 2.236927481378174
}