{
    "right_s0": 1.179631224536133, 
    "right_s1": -0.3428447057006836, 
    "right_w0": 0.3194514987121582, 
    "right_w1": -1.557373993121338, 
    "right_w2": 0.14534467948608398, 
    "right_e0": -0.12463593887329102, 
    "right_e1": 2.098869210626221
}