{
    "right_s0": 0.7926845712341309, 
    "right_s1": 0.29989324368896486, 
    "right_w0": 1.0258496507263184, 
    "right_w1": -0.17985924717407228, 
    "right_w2": -0.2304806131164551, 
    "right_e0": -0.7347767965576172, 
    "right_e1": -0.03259709170532227
}