{
    "right_s0": 0.7995874847717286, 
    "right_s1": -1.0300680978881838, 
    "right_w0": -0.009203884716796876, 
    "right_w1": 0.9207719668762208, 
    "right_w2": 0.9292088611999513, 
    "right_e0": 0.02914563493652344, 
    "right_e1": 1.8699225782958986
}