{
    "right_s0": 1.2766555092590333, 
    "right_s1": -0.48818938518676763, 
    "right_w0": 1.874524520654297, 
    "right_w1": -0.24543692578125, 
    "right_w2": 3.0376654517395023, 
    "right_e0": -0.366237912689209, 
    "right_e1": 0.5514660926147461
}