{
    "right_s0": 1.0362040210327148, 
    "right_s1": -0.6975777624938966, 
    "right_w0": 1.9117235547180178, 
    "right_w1": 0.0065194183410644535, 
    "right_w2": 3.048786812438965, 
    "right_e0": -0.35818451356201175, 
    "right_e1": 0.8766700192749024
}