{
    "right_s0": 0.4371845240478516, 
    "right_s1": -0.22817964193725587, 
    "right_w0": -0.9694758568359375, 
    "right_w1": -0.5342088087707519, 
    "right_w2": 0.8110923406677246, 
    "right_e0": -0.0613592314453125, 
    "right_e1": 0.7213544646789551
}