{
    "right_s0": 1.2126118114379885, 
    "right_s1": -0.2914563493652344, 
    "right_w0": 2.7791896892761234, 
    "right_w1": 0.2707476087524414, 
    "right_w2": 2.5989469469055178, 
    "right_e0": -0.7470486428466797, 
    "right_e1": 0.8992962358703613
}