{
    "right_s0": 1.4618836891845703, 
    "right_s1": -0.2657621711975098, 
    "right_w0": 1.9002186988220215, 
    "right_w1": -0.3286553834289551, 
    "right_w2": -0.23738352665405274, 
    "right_e0": -0.27151459914550785, 
    "right_e1": 0.3654709222961426
}