{
    "right_s0": 1.408194361669922, 
    "right_s1": 0.46939812055664065, 
    "right_w0": 1.6283206044799805, 
    "right_w1": -0.40727189871826175, 
    "right_w2": -0.5023787074584961, 
    "right_e0": -0.7723593258178711, 
    "right_e1": 0.10085923668823243
}