{
    "right_s0": 0.37007286465454103, 
    "right_s1": 0.3520485904174805, 
    "right_w0": -0.40957286989746094, 
    "right_w1": -1.1232574306457521, 
    "right_w2": 0.2711311039489746, 
    "right_e0": -0.051004861138916016, 
    "right_e1": 0.6350680454589844
}