{
    "right_s0": 0.9111845869628907, 
    "right_s1": 0.051004861138916016, 
    "right_w0": -3.0480198220458985, 
    "right_w1": 1.8795099582092287, 
    "right_w2": 3.049937298028565, 
    "right_e0": -0.0122718462890625, 
    "right_e1": 1.872990539868164
}