{
    "right_s0": 1.457281746826172, 
    "right_s1": 0.026077673364257814, 
    "right_w0": 1.7966749957580568, 
    "right_w1": -0.20210196857299806, 
    "right_w2": -0.5437961886840821, 
    "right_e0": -0.45827675985717775, 
    "right_e1": 0.3382427633422852
}