{
    "right_s0": 0.8371700140319824, 
    "right_s1": -1.01166032845459, 
    "right_w0": 0.4479223895507813, 
    "right_w1": -1.0879758725646973, 
    "right_w2": -0.47898550046997074, 
    "right_e0": 0.556835025366211, 
    "right_e1": 1.9358837520996095
}