{
    "right_s0": -0.027611654150390626, 
    "right_s1": -1.3587234813171387, 
    "right_w0": 1.4833594201904299, 
    "right_w1": -0.845606908355713, 
    "right_w2": -3.0342139949707034, 
    "right_e0": 0.2634612000183106, 
    "right_e1": 1.506369131982422
}