{
    "right_s0": 0.05829126987304688, 
    "right_s1": -0.3950000524291992, 
    "right_w0": -0.5901991074645997, 
    "right_w1": -1.081456454223633, 
    "right_w2": -0.13690778516235352, 
    "right_e0": 0.3819612157470703, 
    "right_e1": 1.5569904979248048
}