{
    "right_s0": 1.4829759249938965, 
    "right_s1": -0.40535442273559574, 
    "right_w0": 1.935116761706543, 
    "right_w1": -0.45789326466064456, 
    "right_w2": 3.0503207932250977, 
    "right_e0": -0.3762087877990723, 
    "right_e1": 0.4421699616027832
}