{
    "right_s0": 0.9449321642578126, 
    "right_s1": -0.9422476978820802, 
    "right_w0": 1.6843109031738281, 
    "right_w1": 0.08206797205810547, 
    "right_w2": 3.0510877836181645, 
    "right_e0": -0.3033447004577637, 
    "right_e1": 0.9092671109802247
}