{
    "right_s0": 1.295063278692627, 
    "right_s1": 0.2780340174865723, 
    "right_w0": 3.0595246779418948, 
    "right_w1": 0.14534467948608398, 
    "right_w2": 1.5021506848205568, 
    "right_e0": -1.2141457922241212, 
    "right_e1": 0.6768690218811035
}