{
    "right_s0": 0.7432136908813477, 
    "right_s1": -0.9694758568359375, 
    "right_w0": 1.7318643075439455, 
    "right_w1": 0.19596604542846682, 
    "right_w2": 3.049937298028565, 
    "right_e0": -0.26077673364257814, 
    "right_e1": 0.9295923563964844
}