{
    "right_s0": 0.5215534672851563, 
    "right_s1": -1.1919030708251954, 
    "right_w0": 1.0538448000732423, 
    "right_w1": -0.7113835895690919, 
    "right_w2": -1.287393374761963, 
    "right_e0": 1.034286545050049, 
    "right_e1": 1.4791409730285645
}