{
    "right_s0": 0.8371700140319824, 
    "right_s1": -0.8755195336853028, 
    "right_w0": 0.5660389100830079, 
    "right_w1": -1.1566215127441406, 
    "right_w2": -0.7528010707946777, 
    "right_e0": 0.6580777572509766, 
    "right_e1": 1.7284128507751466
}