{
    "right_s0": 1.2264176385131837, 
    "right_s1": 0.14035924193115235, 
    "right_w0": 1.3130875529296875, 
    "right_w1": -0.411490345880127, 
    "right_w2": -0.45444180789184574, 
    "right_e0": -0.6216457135803223, 
    "right_e1": 0.34552917207641604
}