{
    "right_s0": 0.7616214603149415, 
    "right_s1": -1.1221069450561525, 
    "right_w0": 0.460577731036377, 
    "right_w1": -0.7121505799621582, 
    "right_w2": -0.33364082098388675, 
    "right_e0": 0.5637379389038086, 
    "right_e1": 1.9930245363830568
}