{
    "right_s0": 0.8632476873962402, 
    "right_s1": -0.7581700035461426, 
    "right_w0": -0.07401457293090821, 
    "right_w1": -1.5623594306762696, 
    "right_w2": 0.0724805921447754, 
    "right_e0": -0.11351457817382814, 
    "right_e1": 2.4359614883789065
}