{
    "right_s0": 0.5031456978515625, 
    "right_s1": -0.6987282480834961, 
    "right_w0": 0.194432064642334, 
    "right_w1": -0.4042039371459961, 
    "right_w2": -0.5322913327880859, 
    "right_e0": 0.5253884192504883, 
    "right_e1": 1.2014904507385256
}