{
    "right_s0": 1.1293933537902834, 
    "right_s1": -0.3175340227294922, 
    "right_w0": 0.5403447319152832, 
    "right_w1": -0.5499321118286133, 
    "right_w2": -0.4268301537414551, 
    "right_e0": -0.00613592314453125, 
    "right_e1": 0.9272913852172853
}