{
    "right_s0": 0.02569417816772461, 
    "right_s1": -1.353738043762207, 
    "right_w0": 0.5230874480712892, 
    "right_w1": -0.3612524751342774, 
    "right_w2": -0.6385195022277832, 
    "right_e0": 1.0093593572753907, 
    "right_e1": 1.6678206097229005
}