{
    "right_s0": 0.8260486533325195, 
    "right_s1": 0.17372332402954102, 
    "right_w0": -3.046869336456299, 
    "right_w1": 1.4058933904907227, 
    "right_w2": 3.054539240386963, 
    "right_e0": 0.018024274237060548, 
    "right_e1": 1.1784807389465333
}