{
    "right_s0": 0.8279661293151857, 
    "right_s1": -0.6235631895629883, 
    "right_w0": 0.5886651266784668, 
    "right_w1": -0.5760097851928712, 
    "right_w2": -1.0016894533447267, 
    "right_e0": 0.6362185310485841, 
    "right_e1": 1.1083011179809572
}