{
    "right_s0": 0.7225049502685548, 
    "right_s1": -1.0791554830444336, 
    "right_w0": -1.4012914481323242, 
    "right_w1": 1.5316798149536133, 
    "right_w2": 1.098713738067627, 
    "right_e0": 0.2534903249084473, 
    "right_e1": 2.397228473529053
}