{
    "right_s0": 0.9330438131652833, 
    "right_s1": -0.9537525537780762, 
    "right_w0": 0.26384469521484377, 
    "right_w1": 1.7920730533996583, 
    "right_w2": 3.0476363268493656, 
    "right_e0": -0.483203947631836, 
    "right_e1": 0.924990414038086
}