{
    "right_s0": 0.8053399127197266, 
    "right_s1": 0.5384272559326172, 
    "right_w0": 1.616048758190918, 
    "right_w1": -0.2788010078796387, 
    "right_w2": -0.6120583336669922, 
    "right_e0": -0.9035146830322266, 
    "right_e1": -0.012655341485595705
}