{
    "right_s0": 0.3727573310302735, 
    "right_s1": -1.2114613258483888, 
    "right_w0": -3.040733413311768, 
    "right_w1": 1.1259418970214845, 
    "right_w2": 2.9586654412536624, 
    "right_e0": 0.4962427843139649, 
    "right_e1": 2.395310997546387
}