{
    "right_s0": 0.05944175546264649, 
    "right_s1": -1.3464516350280762, 
    "right_w0": 1.6578497346130372, 
    "right_w1": 2.0942672682678225, 
    "right_w2": 3.0510877836181645, 
    "right_e0": -0.4613447214294434, 
    "right_e1": -0.04908738515625
}