{
    "right_s0": 0.9173205101074219, 
    "right_s1": -0.9552865345642091, 
    "right_w0": -0.9825146935180664, 
    "right_w1": 2.074709013244629, 
    "right_w2": 1.1631409310852052, 
    "right_e0": 0.5790777467651368, 
    "right_e1": 2.0129662866027833
}