{
    "right_s0": 0.39538354762573247, 
    "right_s1": -1.2574807494323732, 
    "right_w0": -1.2785729852416994, 
    "right_w1": 1.8798934534057619, 
    "right_w2": 0.7896166096618653, 
    "right_e0": 0.5219369624816895, 
    "right_e1": 1.5769322481445314
}