{
    "right_s0": 0.6212622183837891, 
    "right_s1": -0.48090297645263674, 
    "right_w0": -0.3390097537353516, 
    "right_w1": -1.2321700664611817, 
    "right_w2": 0.43028161051025393, 
    "right_e0": -0.4003689851806641, 
    "right_e1": 1.625252642907715
}