{
    "right_s0": 1.3303448367736816, 
    "right_s1": -0.5905826026611328, 
    "right_w0": 1.7299468315612794, 
    "right_w1": -0.3044951860473633, 
    "right_w2": 3.0510877836181645, 
    "right_e0": -0.33402431618041994, 
    "right_e1": 0.4283641345275879
}