{
    "right_s0": 0.2933738253479004, 
    "right_s1": -1.281640946813965, 
    "right_w0": 1.6221846813354492, 
    "right_w1": 1.368694356427002, 
    "right_w2": 3.050704288421631, 
    "right_e0": -0.30756314761962894, 
    "right_e1": 1.4162477607971193
}