{
    "right_s0": 0.511582592175293, 
    "right_s1": 0.28110197905883794, 
    "right_w0": -0.6868398969909668, 
    "right_w1": -0.4839709380249024, 
    "right_w2": 0.8271991389221192, 
    "right_e0": -0.39039811007080083, 
    "right_e1": 0.31906800351562503
}