{
    "right_s0": 1.1228739354492188, 
    "right_s1": -0.7995874847717286, 
    "right_w0": 1.7230439180236818, 
    "right_w1": -0.0487038899597168, 
    "right_w2": 3.0503207932250977, 
    "right_e0": -0.31331557556762696, 
    "right_e1": 0.6902913537597657
}