{
    "right_s0": 1.2141457922241212, 
    "right_s1": 0.3179175179260254, 
    "right_w0": 3.0587576875488285, 
    "right_w1": 1.838475972180176, 
    "right_w2": 1.538199233294678, 
    "right_e0": -1.1186554882873536, 
    "right_e1": 1.9730827861633302
}