{
    "right_s0": 0.6231796943664552, 
    "right_s1": -1.1435826760620118, 
    "right_w0": 1.5585244787109376, 
    "right_w1": 1.2037914219177246, 
    "right_w2": 3.0480198220458985, 
    "right_e0": -0.4375680192443848, 
    "right_e1": 1.5205584542541506
}