{
    "right_s0": 1.1803982149291994, 
    "right_s1": 0.4908738515625, 
    "right_w0": 1.6659031337402346, 
    "right_w1": -0.3950000524291992, 
    "right_w2": -0.609757362487793, 
    "right_e0": -0.8149272926330567, 
    "right_e1": 0.09932525590209962
}