{
    "right_s0": 1.1374467529174805, 
    "right_s1": -0.7873156384826661, 
    "right_w0": 2.2526507844360353, 
    "right_w1": 0.8463738987487793, 
    "right_w2": 2.8236751320739746, 
    "right_e0": -0.8214467109741211, 
    "right_e1": 1.851898304058838
}