{
    "right_s0": 1.0507768385009766, 
    "right_s1": -0.3294223738220215, 
    "right_w0": 0.02569417816772461, 
    "right_w1": -1.0009224629516602, 
    "right_w2": 0.3029612052612305, 
    "right_e0": -0.22434468997192383, 
    "right_e1": 1.79705849095459
}