{
    "right_s0": -0.08360195284423828, 
    "right_s1": -1.3702283372131348, 
    "right_w0": -1.4737720402770997, 
    "right_w1": 1.8626361695617677, 
    "right_w2": 1.1562380175476075, 
    "right_e0": 0.8275826341186524, 
    "right_e1": 1.4492283476989747
}