{
    "right_s0": -0.1599174969543457, 
    "right_s1": -1.328810855987549, 
    "right_w0": 1.8070293660644532, 
    "right_w1": 0.33210684019775394, 
    "right_w2": -1.9600439494812012, 
    "right_e0": 0.6032379441467286, 
    "right_e1": 1.5017671896240234
}