{
    "right_s0": 1.4292865974792481, 
    "right_s1": -0.4552087982849121, 
    "right_w0": 1.8737575302612306, 
    "right_w1": -0.415325297845459, 
    "right_w2": -0.21092235809326174, 
    "right_e0": -0.20401944455566406, 
    "right_e1": 0.3052621764404297
}