{
    "right_s0": 0.6818544594360352, 
    "right_s1": -1.204174917114258, 
    "right_w0": 0.49317482274169927, 
    "right_w1": 1.7257283843994142, 
    "right_w2": 0.023393206988525393, 
    "right_e0": 0.483203947631836, 
    "right_e1": 0.8387039948181153
}