{
    "right_s0": 0.5042961834411621, 
    "right_s1": -0.31101460438842776, 
    "right_w0": -1.383650669091797, 
    "right_w1": -1.5635099162658692, 
    "right_w2": 1.613747787011719, 
    "right_e0": -0.11313108297729493, 
    "right_e1": 1.9646458918395997
}