{
    "right_s0": 1.3299613415771485, 
    "right_s1": -0.5963350306091308, 
    "right_w0": 0.6047719249328614, 
    "right_w1": -1.1508690847961427, 
    "right_w2": -0.25157284892578125, 
    "right_e0": -0.08053399127197267, 
    "right_e1": 1.7456701346191408
}