{
    "right_s0": 0.1326893380004883, 
    "right_s1": -0.6860729065979004, 
    "right_w0": -0.7900001048583984, 
    "right_w1": -0.39998548998413086, 
    "right_w2": 0.2972087773132324, 
    "right_e0": 0.5131165729614258, 
    "right_e1": 1.183849671697998
}