{
    "right_s0": 1.329194351184082, 
    "right_s1": -0.5990194969848633, 
    "right_w0": 0.6224127039733887, 
    "right_w1": 0.7658399074768066, 
    "right_w2": 2.759247939056397, 
    "right_e0": -0.934577793951416, 
    "right_e1": 1.8864128717468263
}