{"grasp_xform": [[0.6447060515487928, 0.76441587523792, 0.00474096831990567, -0.07979456580403699, 0.06112782886235113, 0.9949352822202663, 0.7602545194633905, -0.6418191008553894, 0.10040571404391929], [-0.12094246116657421, 0.10671036619542237, 0.06350834616789626]], "gripper_close_command": [0.24290220820189248, 0.21135646687697132, 0.36908517350157727, 0.0], "name": "0", "gripper_open_command": [0.41324921135646675, 0.4006309148264982, 0.4952681388012619, 0.0]}