{"grasp_xform": [[-0.5030332824802377, 0.8637693317159216, -0.029327634463832464, 0.008422219532641606, -0.029032739428743737, -0.9995429964490581, -0.8642260322244164, -0.5030503723477877, 0.007329552730370503], [0.20444662596545013, 0.08855481891899318, 0.1083224870125798]], "gripper_close_command": [0.5141955835962144, 0.4952681388012617, 0.4889589905362775, 0.0], "name": "9", "gripper_open_command": [0.6214511041009463, 0.6214511041009463, 0.6151419558359621, 0.0]}