{"grasp_xform": [[-0.13687547354049312, -3.1658663483423473e-16, 0.9905882619651145, -3.5305379673360294e-16, 1.0, 2.70811031708451e-16, -0.9905882619651145, -3.1266355868144087e-16, -0.13687547354049312], [0.20620606946213116, 0.006736842750833506, 0.014534035636539388]], "gripper_close_command": [0.0], "name": "default", "gripper_open_command": [0.9493229688124316]}
