{"grasp_xform": [[-0.11780170234998777, -0.06969687353374768, 0.9905882619651143, -0.5091991408755091, 0.860648729117544, 0.0, -0.8525485287390324, -0.5044066919539999, -0.13687547354049356], [0.19477953137048368, 0.09862460203008797, 0.020651008693295093]], "gripper_close_command": [0.0], "name": "defaultshift", "gripper_open_command": [0.9493229688124316]}