{"grasp_xform": [[0.724975611045368, 0.6887745374136555, 0.0, -0.6887745374136555, 0.724975611045368, -0.0, -0.0, 0.0, 1.0], [-0.011124194547186909, -0.012001033944542366, -0.11713146997728896]], "gripper_close_command": [0.21135646687697132, 0.23028391167192416, 0.2492113564668767, 0.0], "name": "0", "gripper_open_command": [0.42586750788643524, 0.43217665615141954, 0.4132492113564667, 0.0]}