{"grasp_xform": [[-0.7290604169473105, -0.68198517974097, 0.0580267990277516, -0.042081965318342185, -0.03995500565620813, -0.9983149290222727, 0.6831544503160878, -0.7302737869645032, 0.00043034338520353543], [-0.1186880850081388, 0.13560563712046478, 0.08997255612133567]], "gripper_close_command": [0.2744479495268136, 0.21135646687697132, 0.2933753943217664, 0.0], "name": "1", "gripper_open_command": [0.38801261829652983, 0.3943217665615141, 0.4384858044164038, 0.0]}