{"grasp_xform": [[-0.8703198346575314, -0.49237018827745926, -0.010723016237171298, -0.49229402243439957, 0.8703820442706909, -0.009038389521367849, 0.0137833543436343, -0.002587412877843211, -0.9999016573724449], [0.05226733987616542, 0.029794029539171242, 0.30594271292181474]], "gripper_close_command": [0.2996845425867506, 0.29337539432176635, 0.3375394321766561, 0.0], "name": "0", "gripper_open_command": [0.44479495268138786, 0.4321766561514195, 0.42586750788643535, 0.0]}