{"grasp_xform": [[0.866794344711063, 0.4986657050216101, -0.00028037870725106475, -0.49866339879105426, 0.8667918009147941, 0.0026054890216163475, 0.0015422979844866935, -0.0021186085500373526, 0.9999965664014746], [0.032026918683403204, 0.0062403281787403566, -0.07267379770951651]], "gripper_close_command": [0.31861198738170327, 0.31861198738170327, 0.32176656151419586, 0.0254647313470843], "name": "0", "gripper_open_command": [0.45425867507886475, 0.44479495268138786, 0.42902208201892783, 0.0254647313470843]}