{"grasp_xform": [[0.8727885216475222, 0.4880969705542231, 0.001242503972884501, 0.00803197511821327, -0.011816993142618637, -0.9998979178139976, -0.4880324618875605, 0.872709405248309, -0.014234118698031928], [0.10866511470274935, -0.12501180188656985, 0.1205222314897299]], "gripper_close_command": [0.31230283911671897, 0.31230283911671897, 0.34384858044164013, 0.0], "name": "2", "gripper_open_command": [0.4384858044164036, 0.43217665615141937, 0.4384858044164036, 0.0]}