{"grasp_xform": [[0.8656529340648714, 0.500636028976402, 0.002926471530447644, -0.024143820937070265, 0.035907201422202606, 0.9990634358220621, 0.5000620698027776, -0.864912850740908, 0.043170440903440244], [-0.04464080870757427, 0.1478459350895142, 0.11244333845443334]], "gripper_close_command": [0.287066246056782, 0.2870662460567821, 0.33123028391167186, 0.0], "name": "4", "gripper_open_command": [0.41324921135646664, 0.41324921135646675, 0.41955835962145116, 0.0]}