{
    "right_s0": -0.007669903930664063, 
    "right_s1": -1.0246991651367188, 
    "right_w0": -0.7332428157714844, 
    "right_w1": -0.8851069135986329, 
    "right_w2": 0.3635534463134766, 
    "right_e0": 0.3382427633422852, 
    "right_e1": 1.857267236810303
}