{
    "right_s0": 0.660762223626709, 
    "right_s1": -1.1228739354492188, 
    "right_w0": 0.7811797153381348, 
    "right_w1": -0.8371700140319824, 
    "right_w2": -0.9997719773620606, 
    "right_e0": 0.8498253555175782, 
    "right_e1": 1.5830681712890626
}