{
    "right_s0": 1.2160632682067871, 
    "right_s1": -0.5326748279846192, 
    "right_w0": 0.5629709485107423, 
    "right_w1": -1.1639079214782715, 
    "right_w2": -0.24045148822631837, 
    "right_e0": 0.12655341485595703, 
    "right_e1": 1.7621604280700685
}