{
    "right_s0": 0.6296991127075195, 
    "right_s1": -1.138213743310547, 
    "right_w0": -0.36777189347534184, 
    "right_w1": -1.563126421069336, 
    "right_w2": 0.14534467948608398, 
    "right_e0": -0.054456317907714845, 
    "right_e1": 2.397611968725586
}