{
    "right_s0": 0.42798063933105474, 
    "right_s1": -1.1155875267150879, 
    "right_w0": 0.04525243319091797, 
    "right_w1": -1.0757040262756348, 
    "right_w2": -0.18292720874633792, 
    "right_e0": 0.44293695199584965, 
    "right_e1": 2.109990571325684
}