{
    "right_s0": 0.8394709852111817, 
    "right_s1": -0.507747640209961, 
    "right_w0": 2.0302235704467773, 
    "right_w1": 0.44255345679931646, 
    "right_w2": -0.34667965766601566, 
    "right_e0": -0.3911651004638672, 
    "right_e1": 0.8471408891418457
}