{
    "right_s0": -0.18561167512207033, 
    "right_s1": -1.251728321484375, 
    "right_w0": -0.9625729432983399, 
    "right_w1": -0.4061214131286621, 
    "right_w2": 0.6772525170776368, 
    "right_e0": 0.6956602865112305, 
    "right_e1": 1.5849856472717285
}