{
    "right_s0": 0.5579855109558106, 
    "right_s1": 0.22357769957885743, 
    "right_w0": -0.10584467424316407, 
    "right_w1": -1.2716700717041016, 
    "right_w2": 0.41800976422119146, 
    "right_e0": -0.4394854952270508, 
    "right_e1": 0.900446721459961
}