{
    "right_s0": 1.0296846026916504, 
    "right_s1": -0.562587453314209, 
    "right_w0": 0.10354370306396485, 
    "right_w1": -1.3188399808776856, 
    "right_w2": 0.10737865502929689, 
    "right_e0": -0.25157284892578125, 
    "right_e1": 1.8791264630126954
}