{
    "right_s0": 0.45866025505371094, 
    "right_s1": -1.2202817153686525, 
    "right_w0": -1.89523326126709, 
    "right_w1": -1.570412829803467, 
    "right_w2": 2.501155671789551, 
    "right_e0": -0.1223349676940918, 
    "right_e1": 1.715757509289551
}