{
    "right_s0": 1.1385972385070802, 
    "right_s1": -0.39039811007080083, 
    "right_w0": 2.0118158010131837, 
    "right_w1": 0.03719903406372071, 
    "right_w2": -0.3179175179260254, 
    "right_e0": -0.33632528735961914, 
    "right_e1": 0.6350680454589844
}