{
    "right_s0": 0.8728350673095704, 
    "right_s1": -0.9947865398071289, 
    "right_w0": -0.2860874166137696, 
    "right_w1": -1.4262186359069826, 
    "right_w2": 0.1464951650756836, 
    "right_e0": -0.2182087668273926, 
    "right_e1": 2.5839906342407226
}