{
    "right_s0": 0.20056798778686524, 
    "right_s1": -1.160839959906006, 
    "right_w0": -1.7399177066711426, 
    "right_w1": -1.5623594306762696, 
    "right_w2": 1.5730972961791994, 
    "right_e0": -0.19213109346313478, 
    "right_e1": 2.5797721870788575
}