{
    "right_s0": 0.6695826131469726, 
    "right_s1": -1.2371555040161133, 
    "right_w0": 0.46019423583984376, 
    "right_w1": 1.1593059791198732, 
    "right_w2": -0.21475731005859378, 
    "right_e0": 0.3443786864868164, 
    "right_e1": 1.8315730586425782
}