{
    "right_s0": 1.3640924140686037, 
    "right_s1": 0.018024274237060548, 
    "right_w0": 0.48627190920410157, 
    "right_w1": -1.2394564751953125, 
    "right_w2": -0.0487038899597168, 
    "right_e0": -0.14534467948608398, 
    "right_e1": 1.2532623022705078
}