{
    "right_s0": -0.00728640873413086, 
    "right_s1": -1.3579564909240724, 
    "right_w0": 0.08053399127197267, 
    "right_w1": -0.3742913118164063, 
    "right_w2": -0.28532042622070314, 
    "right_e0": 0.8981457502807618, 
    "right_e1": 1.7333982883300783
}