{
    "right_s0": 0.9767622655700684, 
    "right_s1": -0.9223059476623536, 
    "right_w0": -1.3111700769470216, 
    "right_w1": -1.5266943773986816, 
    "right_w2": 1.5941895319885255, 
    "right_e0": -0.16490293450927734, 
    "right_e1": 2.2185197119445803
}