{
    "right_s0": 0.9940195494140626, 
    "right_s1": 0.18906313189086915, 
    "right_w0": 0.29874275809936524, 
    "right_w1": -1.368694356427002, 
    "right_w2": 0.14419419389648439, 
    "right_e0": -0.27573304630737305, 
    "right_e1": 1.1113690795532227
}