{
    "right_s0": 1.1562380175476075, 
    "right_s1": -0.7938350568237306, 
    "right_w0": 1.8285050970703127, 
    "right_w1": -0.059058260266113285, 
    "right_w2": -0.26998061835937504, 
    "right_e0": -0.22933012752685547, 
    "right_e1": 0.8413884611938477
}