{"grasp_xform": [[1.0, -0.0, 0.0, 0.0, 0.998401154368162, 0.05652552482128248, -0.0, -0.05652552482128248, 0.998401154368162], [0.0, -8.673617379884035e-19, -0.12844797812727268]], "gripper_close_command": [0.2996845425867505, 0.312302839116719, 0.38170347003154553, 0.432900432900433], "name": "0", "gripper_open_command": [0.43217665615141937, 0.4384858044164036, 0.4700315457413248, 0.432900432900433]}