{"grasp_xform": [[-0.051665544865049595, 0.996086909874635, -0.07170452879839845, 0.09659155702136685, -0.06647955838657982, -0.9931014748901119, -0.9939822647240684, -0.05823518088860169, -0.09277888294696357], [0.1681273607338725, -0.0190220379325904, 0.10919394510403288]], "gripper_close_command": [0.4826498422712932, 0.4258675078864352, 0.4447949526813878, 0.0], "name": "2", "gripper_open_command": [0.6088328075709778, 0.5709779179810726, 0.6529968454258674, 0.0]}