{"grasp_xform": [[-0.4189390339827521, 0.3207782281588871, 0.8494653695977796, 0.40148731828188833, 0.9045415019701794, -0.14357090398970213, -0.8144311014846284, 0.2809021173876186, -0.5077361336194244], [0.25171552474933656, -0.10881612835209686, 0.03223952853629122]], "gripper_close_command": [0.30000000000000004, 0.30000000000000004, -0.0, 0.19999999999999996], "name": "0", "gripper_open_command": [0.6, 0.6, -0.0, 0.19999999999999996]}