{"grasp_xform": [[0.07386855497350242, -0.028831695850452144, -0.9968511273581195, -0.4745105946706975, -0.8801962964309902, -0.009704418075459464, -0.8771448753461584, 0.4737332725271778, -0.07869977385394566], [0.24153913803568008, -0.13335910374875018, 0.06389584451200944]], "gripper_close_command": [0.30000000000000004, 0.30000000000000004, -0.0, 0.19999999999999996], "name": "1", "gripper_open_command": [0.6, 0.6, 0.05000000000000003, 0.19999999999999996]}