{"grasp_xform": [[-0.0029487058490047513, -0.02230937522473392, 0.9997467663918008, -0.842517117072956, -0.5384743517213855, -0.014501033661539653, 0.5386615009195058, -0.8423465227062199, -0.017208228027554284], [-0.05028686963100634, 0.15255866989962544, 0.0435765515527255]], "gripper_close_command": [0.4132492113564669, 0.4321766561514193, 0.5583596214511042, 0.0], "name": "1", "gripper_open_command": [0.5962145110410094, 0.558359621451104, 0.6845425867507888, 0.0]}