{"grasp_xform": [[-0.004125468119557274, 0.0, 0.9999914902201891, 0.0, 1.0, 0.0, -0.9999914902201891, 0.0, -0.004125468119557274], [0.14046303971958385, -0.0, -0.07081888608060626]], "gripper_close_command": [0.31861198738170315, 0.31861198738170327, 0.8927444794952681, 1.0], "name": "9", "gripper_open_command": [0.8927444794952681, 0.8927444794952681, 0.8927444794952681, 1.0]}
