{"grasp_xform": [[-0.34727605634373315, 0.9376472282942397, -0.014731461653133937, 0.03666961397224877, -0.0021191785400009877, -0.9993251965668707, -0.9370457193229336, -0.34758191028075436, -0.03364722193762115], [0.12286645879511994, 0.020169993386463622, 0.004662901906885879]], "gripper_close_command": [0.29337539432176635, 0.2681388012618293, 0.28075709779179786, 0.0], "name": "1", "gripper_open_command": [0.5772870662460567, 0.6088328075709779, 0.6782334384858044, 0.0]}
