{"grasp_xform": [[0.8716091920729102, 0.4897331805259325, -0.02142036509990953, 0.48984542678392573, -0.8718093335135568, -7.764931711726382e-06, -0.018678276364073897, -0.010485899740836035, -0.9997705876567973], [0.033782137375725496, 0.019045279290448625, 0.30782534233730224]], "gripper_close_command": [0.2870662460567821, 0.2870662460567821, 0.34384858044164046, 0.0], "name": "1", "gripper_open_command": [0.44479495268138786, 0.43848580441640367, 0.4258675078864355, 0.0]}