{"grasp_xform": [[-0.8747342279040566, -0.4837093014176742, 0.029416699838246657, -0.026981345894052072, -0.01199556477285757, -0.999563961628083, 0.4838512555332407, -0.8751465123817314, -0.0025581968709240677], [-0.02341328643104921, 0.16167420177800784, 0.11128162017841878]], "gripper_close_command": [0.28075709779179786, 0.2681388012618295, 0.3375394321766559, 0.0], "name": "3", "gripper_open_command": [0.41324921135646675, 0.4069400630914826, 0.4384858044164036, 0.0]}