{"grasp_xform": [[-0.8558673916227211, -0.51507445878215, 0.046790071705650166, 0.03935603059459536, 0.02534630422975459, 0.9989037332060494, -0.5156957550298256, 0.8567706036433674, -0.0014217895947825632], [0.1341047045912522, -0.1101381785784192, 0.11954319295975949]], "gripper_close_command": [0.2807570977917978, 0.29337539432176635, 0.337539432176656, 0.0], "name": "5", "gripper_open_command": [0.41955835962145094, 0.41324921135646675, 0.4447949526813879, 0.0]}