{"grasp_xform": [[-0.49772316654394766, 0.8671239715162666, -0.019174624746763347, -0.00915079928097784, 0.01685633605962711, 0.9998160460661953, 0.8672876749296289, 0.497807072188391, -0.0004549109156428699], [-0.09497072386544937, -0.07858798793090446, 0.11569101457815624]], "gripper_close_command": [0.5205047318611987, 0.5078864353312301, 0.5078864353312302, 0.0], "name": "6", "gripper_open_command": [0.6088328075709778, 0.6151419558359621, 0.6151419558359621, 0.0]}