{"grasp_xform": [[0.4792063366454151, -0.8776930940632571, 0.0040149175019381644, 0.0027338019230678245, -0.003081747202526408, -0.9999915145542414, 0.8776980193984297, 0.479213246360226, 0.0009226462759852616], [-0.11738967798836032, -0.048806903076341016, 0.11165117990920514]], "gripper_close_command": [0.5078864353312301, 0.5078864353312301, 0.4889589905362775, 0.0], "name": "7", "gripper_open_command": [0.6151419558359621, 0.6151419558359621, 0.5962145110410094, 0.0]}