{
    "grasp_xform": [
        [
            -0.21473858416105587, 
            -0.2927231642445795, 
            -0.9317727108933069, 
            -0.7527493913532867, 
            0.6574754117522494, 
            -0.03307026333811741, 
            0.6222980788808218, 
            0.6942898794774779, 
            -0.3615328102915216
        ], 
        [
            -0.08881668668148268, 
            -0.09646780522440179, 
            0.13730670037078652
        ]
    ], 
    "gripper_close_command": [
        0.8, 
        0.8, 
        0.0, 
        0.1
    ], 
    "name": "5", 
    "gripper_open_command": [
        0.3, 
        0.3, 
        0.0, 
        0.1
    ]
}