{"grasp_xform": [[-0.0070930680193166395, 0.9999748438766213, 0.0, -0.9999748438766213, -0.0070930680193166395, -0.0, -0.0, 0.0, 1.0], [0.019792180465523616, -0.005632223860460689, -0.17444496830320994]], "gripper_close_command": [0.47634069400630896, 0.47634069400630896, 0.46372239747634053, 0.0], "name": "0", "gripper_open_command": [0.6277602523659306, 0.6088328075709778, 0.6025236593059937, 0.0]}