{"grasp_xform": [[-0.06051976140140192, 0.04305194964113379, -0.9972381300933157, 0.9980335058779001, 0.01894889135689315, -0.059749984614314744, 0.016324203655414704, -0.9988931219847499, -0.04411407061895911], [-0.0033281855673612144, 0.20365475352442622, 0.02482676413553979]], "gripper_close_command": [0.3817034700315455, 0.3943217665615139, 0.43217665615141937, 0.0], "name": "1", "gripper_open_command": [0.5268138801261828, 0.5520504731861198, 0.5520504731861198, 0.0]}