{"grasp_xform": [[0.8186378046935952, 0.5689540811069541, 0.07825214577372619, -0.566372460715547, 0.8223692927096327, -0.05413854589176431, -0.0951545084032657, 4.0592529337857286e-16, 0.9954625153819369], [-0.004122341571264503, -0.012976366111025773, -0.11847636837465973]], "gripper_close_command": [0.34384858044164013, 0.312302839116719, 0.27444794952681356, 0.44563279857397514], "name": "0", "gripper_open_command": [0.46372239747634053, 0.419558359621451, 0.3880126182965298, 0.44563279857397514]}