{"grasp_xform": [[0.8158543943609944, 0.5782573883677189, -1.27675647831893e-15, -0.0012441272172056261, 0.0017553198242189483, 0.999997685497212, 0.5782560499893816, -0.815852506063724, 0.0021515111475166604], [-0.07347328034056341, 0.0978891196101726, 0.05894241849722045]], "gripper_close_command": [0.230283911671924, 0.21766561514195568, 0.2744479495268138, 0.0], "name": "0", "gripper_open_command": [0.394321766561514, 0.40694006309148245, 0.4006309148264983, 0.0]}