{"grasp_xform": [[0.5901004281245901, -0.8073298487775462, -2.220446049250313e-16, 0.04764433359402548, 0.034824603220252826, 0.9982571134166457, -0.8059227644157702, -0.5890719500055802, 0.0590147059051116], [0.0883022552140084, 0.07044161344126264, 0.060395436141613225]], "gripper_close_command": [0.230283911671924, 0.17981072555205016, 0.337539432176656, 0.0], "name": "1", "gripper_open_command": [0.4447949526813879, 0.4826498422712933, 0.5583596214511041, 0.0]}