{"grasp_xform": [[0.6104988516323627, -0.7920171413268569, 0.0, 0.7920171413268569, 0.6104988516323627, 0.0, 0.0, 0.0, 1.0], [0.004633667198395475, 0.003005341472098289, -0.09738435602302137]], "gripper_close_command": [0.20504731861198708, 0.1356466876971605, 0.38801261829652983, 0.0], "name": "2", "gripper_open_command": [0.41324921135646675, 0.38801261829652983, 0.5268138801261829, 0.0]}