{"grasp_xform": [[-0.8548450866492472, -0.5178979195785639, 0.03196283352984783, -0.5181626705951049, 0.8552820860989101, 2.5604518505417673e-15, -0.027337238939041046, -0.016561947181613114, -0.9994890581052494], [0.013837731680168129, 0.0038522440614790383, 0.2216575499404462]], "gripper_close_command": [0.1798107255520503, 0.18611987381703451, 0.3059936908517348, 0.0], "name": "4", "gripper_open_command": [0.4069400630914826, 0.4006309148264984, 0.44479495268138786, 0.0]}